{
  "params": [1.22173, 1.57080, 1.91986, 2.26893, 2.61799],
  "values": [0.01849, 0.09802, 0.40638, 1.38085, 4.01768]
}