{
  "type": "double_shock",

  "waves": {

    "wave_1": {

      "outside": {

        "gamma": 1.6666667,
        "rho": 0.0002219,
        "U": -158700,
        "P": 3781200

      }

    },

    "wave_2": {

      "outside": {

        "gamma": 1.6666667,
        "rho": 0.00271,
        "U": 10,
        "P": 500000

      }

    }

  }

}